image_id,filename,category,expected_title,expected_text,keywords
001,scholarship.jpg,scholarship,Government Scholarship,Government Scholarship Application 2026 Financial aid and merit support for undergraduate students.,scholarship government financial aid education grant
002,scholarship_merit.jpg,scholarship,Merit Student Scholarship,Merit Student Scholarship National Welfare Scheme Financial assistance awarded for academic excellence in college.,merit scholarship money assistance student welfare
003,scholarship_fellowship.jpg,scholarship,Research Fellowship Grant,Research Fellowship Grant Higher Education Support Monthly stipend and funding for postgraduate research scholars.,fellowship grant research funding stipend higher education
004,loan_education.jpg,finance,Student Education Loan,Student Education Loan Financial Assistance Scheme Low interest bank loan for college tuition and living expenses.,loan education money bank interest financial support tuition
005,admission.jpg,admission,College Admission Form,College Admission Form Academic Year 2026 Official application form for new student enrollment.,admission college enrollment application joining
006,admission_engineering.jpg,admission,B.Tech Engineering Admission,B.Tech Engineering Admission Eligibility and Guidelines Entrance exam cutoff criteria and seat matrix for engineering.,engineering btech admission entrance cutoff criteria
007,admission_counseling.jpg,admission,Centralized Counseling Notice,Centralized Counseling Notice Seat Allocation Round 1 Document verification and campus seat allotment schedule.,counseling seat allocation verification allotment campus
008,fees.jpg,finance,College Fee Receipt,"College Fee Receipt Tuition Breakdown 2026 Payment voucher for semester tuition, lab, and development charges.",fees tuition receipt payment charges voucher finance
009,fees_hostel.jpg,finance,Hostel Fee Schedule,Hostel Fee Schedule Maintenance and Mess Charges Due dates and payment details for residential hall accommodation.,hostel fees mess charges maintenance payment due date
010,fees_exam.jpg,finance,Examination Fee Notice,Examination Fee Notice Semester Assessment Fees Late fee penalties and online payment portal instructions.,exam fees assessment payment late penalty portal
011,exam.jpg,examination,Semester Examination Notice,Semester Examination Notice Instructions for Candidates Mandatory exam hall protocols and prohibited electronic items.,exam semester notice rules candidate hall instructions
012,exam_hall_ticket.jpg,examination,Examination Hall Ticket,Examination Hall Ticket Student Admit Card 2026 Download admit card for university final semester theory exams.,hall ticket admit card exam download center entry
013,exam_results.jpg,examination,Annual Examination Results,Annual Examination Results Scorecard & Grade Report Semester grade point average SGPA and marks announcement.,results scorecard marks grades sgpa score report
014,timetable.jpg,academics,Weekly Class Timetable,"Weekly Class Timetable Computer Science Semester IV Lecture schedule for Data Structures, AI, and Operating Systems.",timetable class schedule lecture computer science routine
015,timetable_exam.jpg,academics,Final Examination Date Sheet,"Final Examination Date Sheet Winter Session 2026 Subject wise exam schedule, timings, and classroom allocations.",datesheet exam timetable schedule winter dates timing
016,library.jpg,library,Central Library Membership,"Central Library Membership Student Registration Form Borrowing limits, digital catalog access, and reading room timings.",library books membership catalog borrowing reading reading room
017,library_books.jpg,library,Library Book Return Notice,Library Book Return Notice Due Dates & Overdue Fines Return issued textbooks before the end of semester to avoid penalty.,library return textbooks fine overdue books penalty issue
018,hostel.jpg,hostel,Hostel Room Allocation,Hostel Room Allocation Campus Residence Form Application for dormitory room and mess facility for outstation students.,hostel room accommodation dormitory mess residence living
019,hostel_rules.jpg,hostel,Hostel Rules & Regulations,"Hostel Rules & Regulations Student Resident Guidelines Curfew timings, visitor restrictions, and campus security policies.",hostel rules curfew security visitors discipline residence
020,notice.jpg,notice,Annual Sports Day Notice,"Annual Sports Day Notice College Athletic Meet 2026 Student registration for football, cricket, and track events.",notice sports athletic cricket football events tournament
021,notice_placement.jpg,career,Campus Placement Drive,Campus Placement Drive Tech Companies Recruitment Job interviews and coding tests for final year software engineers.,placement job recruitment tech company career interview hiring
022,notice_internship.jpg,career,Summer Internship Notice,Summer Internship Notice Industry Training Programme Paid internship opportunities with certificates for college students.,internship summer training industry stipend practical work
023,application.jpg,administrative,Student ID Card Application,Student ID Card Application Duplicate Card Reissue Form Request form for lost or damaged campus identity cards.,id card identity application reissue duplicate student
024,registration.jpg,administrative,Course Registration Portal,Course Registration Portal Semester Enrollment Guide Step by step procedure to select elective and core subjects online.,registration course electives enrollment subjects portal online
025,bonafide_certificate.jpg,administrative,Bonafide Certificate Form,"Bonafide Certificate Form Official Student Proof Document verifying active enrollment for passport, visa, or bus pass.",bonafide certificate proof student verification passport visa
026,scholarship_girl_child.jpg,scholarship,Pragati Scholarship for Girls,Pragati Scholarship for Girls Technical Education Support Financial assistance and tuition fee reimbursement for female engineering students.,scholarship girls female women technical education aid reimbursement
027,scholarship_merit_cum_means.jpg,scholarship,Merit Cum Means Scholarship,Merit Cum Means Scholarship Economically Weaker Section College fee waiver and educational grant for students with low family income.,scholarship fee waiver grant low income poor students help
028,admission_mba.jpg,admission,MBA Management Admission,MBA Management Admission Group Discussion & PI Schedule Admission criteria and interview rounds for master of business administration.,mba management admission business interview discussion master
029,admission_mca.jpg,admission,MCA Admission Notice,MCA Admission Notice Computer Applications Eligibility Postgraduate admissions for software development and computer application programs.,mca admission computer software applications postgraduate eligibility
030,admission_cancellation.jpg,admission,Admission Cancellation & Refund,Admission Cancellation & Refund Fee Refund Policy 2026 Procedure to withdraw admission and claim tuition fee refund before session start.,admission cancellation refund withdraw money policy drop seat
031,fees_bus_transport.jpg,finance,Campus Bus Transport Fees,Campus Bus Transport Fees Route & Pass Registration Semester transport fee payment and bus route pass collection details.,bus transport fees pass travel commute campus route
032,fees_late_penalty.jpg,finance,Late Fee Payment Notice,Late Fee Payment Notice Accounts Department Penalty charges applicable after due date for pending semester tuition fees.,late fee penalty charges fine due date pending tuition accounts
033,fees_challan.jpg,finance,Bank Fee Payment Challan,Bank Fee Payment Challan Offline Deposit Voucher Cash deposit instructions at campus bank branch for academic fees.,bank challan cash deposit voucher offline payment receipt
034,exam_revaluation.jpg,examination,Answer Sheet Re-evaluation,Answer Sheet Re-evaluation Rechecking & Photocopy Notice Application form and fee per subject for grade rechecking and marks recount.,revaluation rechecking photocopy answer sheet marks grade recount
035,exam_supplementary.jpg,examination,Supplementary Backlog Exam,Supplementary Backlog Exam Special Remedial Examination Registration form and exam dates for students clearing previous semester backlogs.,supplementary backlog remedial repeat failed exam registration
036,exam_practical_viva.jpg,examination,Practical Lab Exam Schedule,"Practical Lab Exam Schedule External Viva Voce Timetable Schedule for physics, chemistry, coding labs, and project presentations.",practical lab exam viva voce external project presentation
037,library_digital_access.jpg,library,IEEE Digital Library Access,IEEE Digital Library Access E-Journal & Research Database Login credentials and remote proxy access for international research papers.,ieee digital library ejournal papers research articles online access
038,library_thesis_submission.jpg,library,Thesis Hard Bound Submission,Thesis Hard Bound Submission Library Repository Archive Guidelines for submitting final bound research dissertations and plagiarism reports.,thesis dissertation project submission hard bound plagiarism archive
039,library_lost_book.jpg,library,Lost Library Book Policy,Lost Library Book Policy Replacement & Recovery Fine Procedure to replace missing catalog books or pay double procurement cost.,lost book missing replace library fine damage textbook
040,hostel_mess_menu.jpg,hostel,Hostel Mess Food Menu,Hostel Mess Food Menu Weekly Dining Schedule Nutritious vegetarian and non-vegetarian food schedule in dining halls.,mess menu food dining breakfast lunch dinner meal vegetarian
041,hostel_night_out_pass.jpg,hostel,Hostel Night Out Pass,Hostel Night Out Pass Parent Permission & Gate Pass Leave application protocol for students visiting home on weekends.,night out pass leave home permission gate warden weekend
042,hostel_warden_contact.jpg,hostel,Hostel Warden Directory,Hostel Warden Directory Emergency Campus Contacts Phone numbers and office hours of chief wardens and medical staff.,warden contact phone emergency numbers directory hostel office
043,placement_mock_interview.jpg,career,Mock Technical Interview,Mock Technical Interview Career Development Cell One on one guidance and coding interview prep with alumni mentors.,mock interview coding prep career resume practice guidance
044,placement_shortlist.jpg,career,Campus Placement Shortlist,Campus Placement Shortlist Software Engineer Selects List of selected students offered software developer roles and package details.,placement shortlist selected software engineer package offers hiring
045,placement_internship_stipend.jpg,career,Google Summer Internship,Google Summer Internship Pre-Placement Offer Track Software engineering stipend and project tracks for third year students.,google internship summer stipend software engineering pre placement
046,sports_cricket_tournament.jpg,sports,Inter-College Cricket Cup,"Inter-College Cricket Cup Annual Sports League 2026 Cricket team selection trials, match fixtures, and stadium ground rules.",cricket tournament sports match team trials pitch league
047,sports_badminton_trials.jpg,sports,Badminton Championship Trials,Badminton Championship Trials Singles and Doubles Squad Selection trials for university sports squad at the indoor badminton court.,badminton tournament trials court racket sports indoor championship
048,sports_gym_rules.jpg,sports,Campus Gymnasium Timings,Campus Gymnasium Timings Fitness Center Guidelines Workout slots for boys and girls with certified physical trainer supervision.,gym gymnasium workout fitness trainer timings health weights
049,workshop_ai_bootcamp.jpg,workshop,AI & Machine Learning Workshop,"AI & Machine Learning Workshop 3-Day Hands-on Bootcamp Deep learning, PyTorch, and NLP models practical training session.",ai artificial intelligence machine learning workshop bootcamp pytorch deep learning
050,workshop_cloud_computing.jpg,workshop,AWS Cloud Computing Seminar,AWS Cloud Computing Seminar DevOps & Cloud Architecture Certified training on serverless architecture and cloud container deployment.,aws cloud computing seminar devops docker serverless architecture
051,workshop_robotics.jpg,workshop,Robotics & IoT Hackathon,Robotics & IoT Hackathon Hardware Design Challenge Build autonomous robots and IoT sensor networks with team prizes.,robotics iot hackathon hardware sensors embedded arduino prize
052,cultural_fest_euphoria.jpg,cultural,Euphoria Annual Cultural Fest,"Euphoria Annual Cultural Fest College Celebrations 2026 Dance competitions, musical concerts, fashion shows, and celebrity night.",cultural fest euphoria dance music concert celebrations festival
053,cultural_music_auditions.jpg,cultural,College Music Band Auditions,"College Music Band Auditions Vocalists & Instrumentalists Rock band auditions for guitarists, drummers, and classical vocalists.",music band auditions vocalists singer guitar drums instruments
054,cultural_drama_play.jpg,cultural,Inter-Department Drama Play,Inter-Department Drama Play Stage Theater Competition Stage acting competition and script submissions for university theater club.,drama play theater acting script stage cultural competition
055,notice_holiday_calendar.jpg,notice,University Holiday Calendar,"University Holiday Calendar Academic Year 2026 List of official public holidays, festive breaks, and semester vacation dates.",holiday calendar vacation breaks festival days off schedule
056,notice_cleanliness_drive.jpg,notice,Campus Cleanliness Drive,Campus Cleanliness Drive NSS Student Volunteer Club Tree plantation and campus green environment awareness campaign.,cleanliness nss volunteers tree plantation green campus awareness environment
